datetimeFC,forecast,p_battery,p_net_demand,soc_battery,pb_nom,pb_discharge_max,pb_charge_max,delta_t,soc_min,soc_max,efficiency,soc_ini,p_net_threshold,mpc_window
2021-07-23 13:00:00+00:00,3.9171174316,-1.4667019414,2.4504154902,0.5,15,4,6,0.25,0.1,0.9,1,0.5,5,96
2021-07-23 13:15:00+00:00,4.0178300781,-1.5796406397,2.4381894384000002,0.47555496760000004,15,4,6,0.25,0.1,0.9,1,0.47555496760000004,5,96
2021-07-23 13:30:00+00:00,4.077342041,-1.6670947763,2.4102472647,0.47555496760000004,15,4,6,0.25,0.1,0.9,1,0.47555496760000004,5,96
2021-07-23 13:45:00+00:00,4.058501709,-1.656993898,2.401507811,0.44777005470000003,15,4,6,0.25,0.1,0.9,1,0.44777005470000003,5,96
2021-07-23 14:00:00+00:00,4.0303061523,-1.6342522564,2.3960538959,0.4201534897,15,4,6,0.25,0.1,0.9,1,0.4201534897,5,96
2021-07-23 14:15:00+00:00,4.0663789062,-1.6737045533,2.3926743529,0.3929159521,15,4,6,0.25,0.1,0.9,1,0.3929159521,5,96
2021-07-23 14:30:00+00:00,3.5647028809,-1.1761310598,2.3885718211,0.3650208762,15,4,6,0.25,0.1,0.9,1,0.3650208762,5,96
2021-07-23 14:45:00+00:00,3.9647189941,-1.5791069904000001,2.3856120037,0.3454186919,15,4,6,0.25,0.1,0.9,1,0.3454186919,5,96
2021-07-23 15:00:00+00:00,4.1227055664,-1.7469211677,2.3757843987,0.3191002421,15,4,6,0.25,0.1,0.9,1,0.3191002421,5,96
2021-07-23 15:15:00+00:00,4.1472792969,-1.7808108028,2.3664684941,0.2899848893,15,4,6,0.25,0.1,0.9,1,0.2899848893,5,96
2021-07-23 15:30:00+00:00,4.041798584,-1.6843657109999999,2.357432873,0.2603047092,15,4,6,0.25,0.1,0.9,1,0.2603047092,5,96
2021-07-23 15:45:00+00:00,3.9478820801000003,-1.5948965217,2.3529855584,0.2322319474,15,4,6,0.25,0.1,0.9,1,0.2322319474,5,96
2021-07-23 16:00:00+00:00,1.6707241211000001,0.6784211155000001,2.3491452366,0.20565033870000002,15,4,6,0.25,0.1,0.9,1,0.20565033870000002,5,96
2021-07-23 16:15:00+00:00,1.4325637207000002,0.9133468379,2.3459105586,0.21695735730000001,15,4,6,0.25,0.1,0.9,1,0.21695735730000001,5,96
2021-07-23 16:30:00+00:00,1.5186350098,0.8214081747,2.3400431845,0.2321798046,15,4,6,0.25,0.1,0.9,1,0.2321798046,5,96
2021-07-23 16:45:00+00:00,1.8079284668,0.5342562557,2.3421847225,0.2321798046,15,4,6,0.25,0.1,0.9,1,0.2321798046,5,96
2021-07-23 17:00:00+00:00,1.7089768066,0.6285462998,2.3375231064,0.24108407550000002,15,4,6,0.25,0.1,0.9,1,0.24108407550000002,5,96
2021-07-23 17:15:00+00:00,1.8881516113,0.4428925683,2.3310441796,0.2515598472,15,4,6,0.25,0.1,0.9,1,0.2515598472,5,96
2021-07-23 17:30:00+00:00,1.9528074951,0.3767921302,2.3295996253,0.2515598472,15,4,6,0.25,0.1,0.9,1,0.2515598472,5,96
2021-07-23 17:45:00+00:00,1.9925697021,0.3314848959,2.324054598,0.257839716,15,4,6,0.25,0.1,0.9,1,0.257839716,5,96
2021-07-23 18:00:00+00:00,2.0294262695,0.2928710775,2.322297347,0.257839716,15,4,6,0.25,0.1,0.9,1,0.257839716,5,96
2021-07-23 18:15:00+00:00,2.045345459,0.27260157620000003,2.3179470352,0.26272090060000003,15,4,6,0.25,0.1,0.9,1,0.26272090060000003,5,96
2021-07-23 18:30:00+00:00,2.0196838379,0.2952376102,2.3149214481,0.2672642602,15,4,6,0.25,0.1,0.9,1,0.2672642602,5,96
2021-07-23 18:45:00+00:00,2.0296436768,0.2817771837,2.3114208605,0.2721848871,15,4,6,0.25,0.1,0.9,1,0.2721848871,5,96
2021-07-23 19:00:00+00:00,2.0400390625,0.2679931385,2.308032201,0.2768811735,15,4,6,0.25,0.1,0.9,1,0.2768811735,5,96
2021-07-23 19:15:00+00:00,2.0739265137,0.23358320700000001,2.3075097207,0.2768811735,15,4,6,0.25,0.1,0.9,1,0.2768811735,5,96
2021-07-23 19:30:00+00:00,2.0606853027,0.2435727962,2.3042580989,0.28077422690000003,15,4,6,0.25,0.1,0.9,1,0.28077422690000003,5,96
2021-07-23 19:45:00+00:00,2.0606853027,0.2430578797,2.3037431824,0.28077422690000003,15,4,6,0.25,0.1,0.9,1,0.28077422690000003,5,96
2021-07-23 20:00:00+00:00,2.0606853027,0.23975030100000003,2.3004356037,0.2848337735,15,4,6,0.25,0.1,0.9,1,0.2848337735,5,96
2021-07-23 20:15:00+00:00,2.086177002,0.2111291965,2.2973061985,0.2888296119,15,4,6,0.25,0.1,0.9,1,0.2888296119,5,96
2021-07-23 20:30:00+00:00,2.0721655273,0.22435742490000002,2.2965229522,0.2888296119,15,4,6,0.25,0.1,0.9,1,0.2888296119,5,96
2021-07-23 20:45:00+00:00,2.0958967285,0.1976287994,2.2935255279,0.2925689023,15,4,6,0.25,0.1,0.9,1,0.2925689023,5,96
2021-07-23 21:00:00+00:00,2.2452312012,0.0451035741,2.2903347753,0.2958627156,15,4,6,0.25,0.1,0.9,1,0.2958627156,5,96
2021-07-23 21:15:00+00:00,2.6696420898,-0.3824645084,2.2871775814,0.2966144418,15,4,6,0.25,0.1,0.9,1,0.2966144418,5,96
2021-07-23 21:30:00+00:00,2.7578845215000003,-0.47383086160000004,2.2840536599,0.2902400334,15,4,6,0.25,0.1,0.9,1,0.2902400334,5,96
2021-07-23 21:45:00+00:00,2.8912861328,-0.6100986584,2.2811874744000002,0.2823428523,15,4,6,0.25,0.1,0.9,1,0.2823428523,5,96
2021-07-23 22:00:00+00:00,2.9686894531,-0.6967600647000001,2.2719293884000002,0.2823428523,15,4,6,0.25,0.1,0.9,1,0.2823428523,5,96
2021-07-23 22:15:00+00:00,3.0133288574,-0.7441475423,2.2691813151,0.27073018460000003,15,4,6,0.25,0.1,0.9,1,0.27073018460000003,5,96
2021-07-23 22:30:00+00:00,2.4086914062,-0.142219708,2.2664716982,0.2583277256,15,4,6,0.25,0.1,0.9,1,0.2583277256,5,96
2021-07-23 22:45:00+00:00,2.4056647949,-0.14181581740000002,2.2638489775,0.2559573971,15,4,6,0.25,0.1,0.9,1,0.2559573971,5,96
2021-07-23 23:00:00+00:00,2.3772473145,-0.11615647970000001,2.2610908348,0.2535938001,15,4,6,0.25,0.1,0.9,1,0.2535938001,5,96
2021-07-23 23:15:00+00:00,3.0455966797,-0.7883422485,2.2572544312,0.2535938001,15,4,6,0.25,0.1,0.9,1,0.2535938001,5,96
2021-07-23 23:30:00+00:00,3.1546811523000002,-0.8995802206,2.2551009317,0.24045476270000002,15,4,6,0.25,0.1,0.9,1,0.24045476270000002,5,96
2021-07-23 23:45:00+00:00,3.1791306152,-0.9263860852,2.25274453,0.225461759,15,4,6,0.25,0.1,0.9,1,0.225461759,5,96
2021-07-24 00:00:00+00:00,2.8414382324,-0.5909577875,2.2504804449,0.2100219909,15,4,6,0.25,0.1,0.9,1,0.2100219909,5,96
2021-07-24 00:15:00+00:00,2.7797023926,-0.5376828327000001,2.2420195599,0.2100219909,15,4,6,0.25,0.1,0.9,1,0.2100219909,5,96
2021-07-24 00:30:00+00:00,2.2526728516,-0.0180697449,2.2346031067,0.2100219909,15,4,6,0.25,0.1,0.9,1,0.2100219909,5,96
2021-07-24 00:45:00+00:00,2.2951838379,-0.05667712900000001,2.2385067089,0.2010606104,15,4,6,0.25,0.1,0.9,1,0.2010606104,5,96
2021-07-24 01:00:00+00:00,2.2825214844,-0.0458610088,2.2366604756,0.2001159915,15,4,6,0.25,0.1,0.9,1,0.2001159915,5,96
2021-07-24 01:15:00+00:00,2.8415373535,-0.6067036776,2.2348336759,0.1993516414,15,4,6,0.25,0.1,0.9,1,0.1993516414,5,96
2021-07-24 01:30:00+00:00,3.2234355469000002,-0.9899872596,2.2334482873,0.18923991340000001,15,4,6,0.25,0.1,0.9,1,0.18923991340000001,5,96
2021-07-24 01:45:00+00:00,3.240107666,-1.0177754425,2.2223322235,0.18923991340000001,15,4,6,0.25,0.1,0.9,1,0.18923991340000001,5,96
2021-07-24 02:00:00+00:00,3.240107666,-1.0177754429,2.2223322231,0.1722769894,15,4,6,0.25,0.1,0.9,1,0.1722769894,5,96
2021-07-24 02:15:00+00:00,2.8693071289,-0.6579187324,2.2113883965,0.1722769894,15,4,6,0.25,0.1,0.9,1,0.1722769894,5,96
2021-07-24 02:30:00+00:00,2.3107927246,-0.09940432710000001,2.2113883975,0.1613116772,15,4,6,0.25,0.1,0.9,1,0.1613116772,5,96
2021-07-24 02:45:00+00:00,2.3706726074,-0.1592842102,2.2113883972,0.1596549384,15,4,6,0.25,0.1,0.9,1,0.1596549384,5,96
2021-07-24 03:00:00+00:00,2.2761791992,-0.0665606272,2.209618572,0.1596549384,15,4,6,0.25,0.1,0.9,1,0.1596549384,5,96
2021-07-24 03:15:00+00:00,2.6540034180000003,-0.4443848466,2.2096185714,0.1585455946,15,4,6,0.25,0.1,0.9,1,0.1585455946,5,96
2021-07-24 03:30:00+00:00,2.4292617187,-0.21964314910000002,2.2096185696,0.1511391805,15,4,6,0.25,0.1,0.9,1,0.1511391805,5,96
2021-07-24 03:45:00+00:00,2.3822097168,-0.17294153580000002,2.209268181,0.1474784613,15,4,6,0.25,0.1,0.9,1,0.1474784613,5,96
2021-07-24 04:00:00+00:00,2.3448054199,-0.1384087101,2.2063967098,0.1474784613,15,4,6,0.25,0.1,0.9,1,0.1474784613,5,96
2021-07-24 04:15:00+00:00,2.3464360352,-0.1410601323,2.2053759029,0.1451716495,15,4,6,0.25,0.1,0.9,1,0.1451716495,5,96
2021-07-24 04:30:00+00:00,1.7487330322,0.4556232684,2.2043563006,0.1428206473,15,4,6,0.25,0.1,0.9,1,0.1428206473,5,96
2021-07-24 04:45:00+00:00,1.9189227295,0.2844342395,2.203356969,0.1504143684,15,4,6,0.25,0.1,0.9,1,0.1504143684,5,96
2021-07-24 05:00:00+00:00,1.6293222656,0.5725992599,2.2019215255,0.1551549391,15,4,6,0.25,0.1,0.9,1,0.1551549391,5,96
2021-07-24 05:15:00+00:00,2.11965625,0.0853520681,2.2050083181,0.1551549391,15,4,6,0.25,0.1,0.9,1,0.1551549391,5,96
2021-07-24 05:30:00+00:00,1.750916748,0.4493737089,2.2002904569,0.15657747360000002,15,4,6,0.25,0.1,0.9,1,0.15657747360000002,5,96
2021-07-24 05:45:00+00:00,1.6760333252000001,0.5194191817,2.1954525069,0.1640670354,15,4,6,0.25,0.1,0.9,1,0.1640670354,5,96
2021-07-24 06:00:00+00:00,1.4858566895,0.7051740068,2.1910306963,0.17272402180000002,15,4,6,0.25,0.1,0.9,1,0.17272402180000002,5,96
2021-07-24 06:15:00+00:00,1.4779096680000001,0.7075931097,2.1855027777,0.1844769219,15,4,6,0.25,0.1,0.9,1,0.1844769219,5,96
2021-07-24 06:30:00+00:00,0.9054789429000001,1.2713189756,2.1767979185,0.19627014040000001,15,4,6,0.25,0.1,0.9,1,0.19627014040000001,5,96
2021-07-24 06:45:00+00:00,0.8549052124000001,1.3263432035,2.1812484159,0.19627014040000001,15,4,6,0.25,0.1,0.9,1,0.19627014040000001,5,96
2021-07-24 07:00:00+00:00,0.8019456787,1.3698638226,2.1718095013,0.2183758604,15,4,6,0.25,0.1,0.9,1,0.2183758604,5,96
2021-07-24 07:15:00+00:00,1.2691123047000001,0.8934543033000001,2.162566608,0.2412069241,15,4,6,0.25,0.1,0.9,1,0.2412069241,5,96
2021-07-24 07:30:00+00:00,1.3344272461,0.8176640772,2.1520913233,0.2560978292,15,4,6,0.25,0.1,0.9,1,0.2560978292,5,96
2021-07-24 07:45:00+00:00,1.3902945557,0.7596150965,2.1499096522,0.2560978292,15,4,6,0.25,0.1,0.9,1,0.2560978292,5,96
2021-07-24 08:00:00+00:00,1.3617325439,0.7771786517,2.1389111956,0.2687580808,15,4,6,0.25,0.1,0.9,1,0.2687580808,5,96
2021-07-24 08:15:00+00:00,1.3617325439,0.7656936838,2.1274262277,0.2817110583,15,4,6,0.25,0.1,0.9,1,0.2817110583,5,96
2021-07-24 08:30:00+00:00,0.7694874268,1.3465444961,2.1160319229,0.2944726197,15,4,6,0.25,0.1,0.9,1,0.2944726197,5,96
2021-07-24 08:45:00+00:00,0.7694874268,1.349149114,2.1186365408,0.2944726197,15,4,6,0.25,0.1,0.9,1,0.2944726197,5,96
2021-07-24 09:00:00+00:00,1.1541131592,0.9522275898,2.106340749,0.31695843830000003,15,4,6,0.25,0.1,0.9,1,0.31695843830000003,5,96
2021-07-24 09:15:00+00:00,1.1943063965,0.8996327998,2.0939391963,0.3328288981,15,4,6,0.25,0.1,0.9,1,0.3328288981,5,96
2021-07-24 09:30:00+00:00,1.2501740723,0.8316940588,2.0818681311,0.3478227781,15,4,6,0.25,0.1,0.9,1,0.3478227781,5,96
2021-07-24 09:45:00+00:00,1.2501740723,0.8197256850000001,2.0698997573,0.36168434580000003,15,4,6,0.25,0.1,0.9,1,0.36168434580000003,5,96
2021-07-24 10:00:00+00:00,1.2501740723,0.8074073696,2.0575814419,0.3753464405,15,4,6,0.25,0.1,0.9,1,0.3753464405,5,96
2021-07-24 10:15:00+00:00,1.2501740723,0.7951651556,2.0453392279,0.38880323,15,4,6,0.25,0.1,0.9,1,0.38880323,5,96
2021-07-24 10:30:00+00:00,0.7899519653,1.2434686019,2.0334205672,0.40205598260000003,15,4,6,0.25,0.1,0.9,1,0.40205598260000003,5,96
2021-07-24 10:45:00+00:00,0.7899519653,1.2345451666,2.0244971319,0.4227804593,15,4,6,0.25,0.1,0.9,1,0.4227804593,5,96
2021-07-24 11:00:00+00:00,0.7622780151,1.2532244988,2.0155025139,0.44335621210000004,15,4,6,0.25,0.1,0.9,1,0.44335621210000004,5,96
2021-07-24 11:15:00+00:00,1.2284006348,0.7777107677,2.0061114025,0.464243287,15,4,6,0.25,0.1,0.9,1,0.464243287,5,96
2021-07-24 11:30:00+00:00,1.3013983154,0.6953544952,1.9967528105999999,0.4772051332,15,4,6,0.25,0.1,0.9,1,0.4772051332,5,96
2021-07-24 11:45:00+00:00,1.3572657471,0.6308134590000001,1.9880792061,0.48879437480000004,15,4,6,0.25,0.1,0.9,1,0.48879437480000004,5,96
2021-07-24 12:00:00+00:00,1.3683292236,0.6183458219,1.9866750455000002,0.48879437480000004,15,4,6,0.25,0.1,0.9,1,0.48879437480000004,5,96
2021-07-24 12:15:00+00:00,1.4331170654,0.545505107,1.9786221724000002,0.4991001385,15,4,6,0.25,0.1,0.9,1,0.4991001385,5,96
2021-07-24 12:30:00+00:00,1.082977417,0.8930004453,1.9759778623000002,0.4991001385,15,4,6,0.25,0.1,0.9,1,0.4991001385,5,96
2021-07-24 12:45:00+00:00,1.2889405518000001,0.6789578573,1.9678984091,0.5139834792,15,4,6,0.25,0.1,0.9,1,0.5139834792,5,96
2021-07-24 13:00:00+00:00,1.3633236084,0.5965437130000001,1.9598673214,0.5252994435,15,4,6,0.25,0.1,0.9,1,0.5252994435,5,96
2021-07-24 13:15:00+00:00,1.5799991455,0.3729860507,1.9529851962,0.5352418387,15,4,6,0.25,0.1,0.9,1,0.5352418387,5,96
2021-07-24 13:30:00+00:00,1.8833858643,0.0625689972,1.9459548615000002,0.5414582729,15,4,6,0.25,0.1,0.9,1,0.5414582729,5,96
2021-07-24 13:45:00+00:00,2.0749973145,-0.13531835620000002,1.9396789583,0.5414582729,15,4,6,0.25,0.1,0.9,1,0.5414582729,5,96
2021-07-24 14:00:00+00:00,2.0029338379,-0.0697277723,1.9332060656,0.539202967,15,4,6,0.25,0.1,0.9,1,0.539202967,5,96
2021-07-24 14:15:00+00:00,2.1073891602,-0.18058785160000002,1.9268013086,0.5380408374,15,4,6,0.25,0.1,0.9,1,0.5380408374,5,96
2021-07-24 14:30:00+00:00,1.451989502,0.4665227183,1.9185122203,0.5380408374,15,4,6,0.25,0.1,0.9,1,0.5380408374,5,96
2021-07-24 14:45:00+00:00,1.4907734375000001,0.42102864700000003,1.9118020845,0.5458162161,15,4,6,0.25,0.1,0.9,1,0.5458162161,5,96
2021-07-24 15:00:00+00:00,1.5080844727,0.4025477723,1.910632245,0.5458162161,15,4,6,0.25,0.1,0.9,1,0.5458162161,5,96
2021-07-24 15:15:00+00:00,1.9349379883000002,-0.031336401300000004,1.903601587,0.5525253456,15,4,6,0.25,0.1,0.9,1,0.5525253456,5,96
2021-07-24 15:30:00+00:00,1.9881550293,-0.0916527988,1.8965022304999999,0.5520030722,15,4,6,0.25,0.1,0.9,1,0.5520030722,5,96
2021-07-24 15:45:00+00:00,2.0418508301,-0.1550530673,1.8867977628000001,0.5520030722,15,4,6,0.25,0.1,0.9,1,0.5520030722,5,96
2021-07-24 16:00:00+00:00,1.7885100098,0.0901857006,1.8786957104000002,0.5494188545,15,4,6,0.25,0.1,0.9,1,0.5494188545,5,96
2021-07-24 16:15:00+00:00,1.7220810547,0.1500529212,1.8721339759000002,0.5509219495000001,15,4,6,0.25,0.1,0.9,1,0.5509219495000001,5,96
2021-07-24 16:30:00+00:00,1.8993311768,-0.031693340300000004,1.8676378365000001,0.5534228315,15,4,6,0.25,0.1,0.9,1,0.5534228315,5,96
2021-07-24 16:45:00+00:00,1.7220250244000002,0.1392612843,1.8612863087,0.5534228315,15,4,6,0.25,0.1,0.9,1,0.5534228315,5,96
2021-07-24 17:00:00+00:00,1.7509188232000001,0.1042304347,1.8551492579,0.5557438529000001,15,4,6,0.25,0.1,0.9,1,0.5557438529000001,5,96
2021-07-24 17:15:00+00:00,1.8028218994,0.049989140200000004,1.8528110396000002,0.5557438529000001,15,4,6,0.25,0.1,0.9,1,0.5557438529000001,5,96
2021-07-24 17:30:00+00:00,1.8256309814,0.0254124388,1.8510434202,0.5565770052,15,4,6,0.25,0.1,0.9,1,0.5565770052,5,96
2021-07-24 17:45:00+00:00,1.9090177002000002,-0.0586351879,1.8503825123,0.5570005459,15,4,6,0.25,0.1,0.9,1,0.5570005459,5,96
2021-07-24 18:00:00+00:00,2.0305162354,-0.180667755,1.8498484804,0.5560232927000001,15,4,6,0.25,0.1,0.9,1,0.5560232927000001,5,96
2021-07-24 18:15:00+00:00,1.9823656006,-0.1344391166,1.847926484,0.5560232927000001,15,4,6,0.25,0.1,0.9,1,0.5560232927000001,5,96
2021-07-24 18:30:00+00:00,1.9894981689,-0.1415716859,1.8479264830000002,0.5537826408000001,15,4,6,0.25,0.1,0.9,1,0.5537826408000001,5,96
2021-07-24 18:45:00+00:00,1.9904033203,-0.14401565900000002,1.8463876613,0.5537826408000001,15,4,6,0.25,0.1,0.9,1,0.5537826408000001,5,96
2021-07-24 19:00:00+00:00,1.9986055908,-0.15221793050000001,1.8463876603,0.5513823798,15,4,6,0.25,0.1,0.9,1,0.5513823798,5,96
2021-07-24 19:15:00+00:00,2.011767334,-0.167070983,1.844696351,0.5513823798,15,4,6,0.25,0.1,0.9,1,0.5513823798,5,96
2021-07-24 19:30:00+00:00,1.9900395508000002,-0.14534319980000002,1.844696351,0.5485978634,15,4,6,0.25,0.1,0.9,1,0.5485978634,5,96
2021-07-24 19:45:00+00:00,2.0031420898,-0.1584457388,1.844696351,0.5461754768,15,4,6,0.25,0.1,0.9,1,0.5461754768,5,96
2021-07-24 20:00:00+00:00,2.011767334,-0.167070983,1.844696351,0.5435347145,15,4,6,0.25,0.1,0.9,1,0.5435347145,5,96
2021-07-24 20:15:00+00:00,2.011767334,-0.1690136699,1.8427536641,0.5435347145,15,4,6,0.25,0.1,0.9,1,0.5435347145,5,96
2021-07-24 20:30:00+00:00,1.9904033203,-0.1476496562,1.8427536641,0.54071782,15,4,6,0.25,0.1,0.9,1,0.54071782,5,96
2021-07-24 20:45:00+00:00,1.9904033203,-0.1476496551,1.8427536652,0.5382569924,15,4,6,0.25,0.1,0.9,1,0.5382569924,5,96
2021-07-24 21:00:00+00:00,1.9904033203,-0.1476496551,1.8427536652,0.5357961648,15,4,6,0.25,0.1,0.9,1,0.5357961648,5,96
2021-07-24 21:15:00+00:00,2.011767334,-0.16901366880000002,1.8427536652,0.5333353372,15,4,6,0.25,0.1,0.9,1,0.5333353372,5,96
2021-07-24 21:30:00+00:00,2.011767334,-0.1711002573,1.8406670767,0.5333353372,15,4,6,0.25,0.1,0.9,1,0.5333353372,5,96
2021-07-24 21:45:00+00:00,2.0108621826,-0.1701951059,1.8406670767,0.5304836662,15,4,6,0.25,0.1,0.9,1,0.5304836662,5,96
2021-07-24 22:00:00+00:00,2.011767334,-0.1711002573,1.8406670767,0.5276470811,15,4,6,0.25,0.1,0.9,1,0.5276470811,5,96
2021-07-24 22:15:00+00:00,2.0173125,-0.1766454233,1.8406670767,0.5247954102,15,4,6,0.25,0.1,0.9,1,0.5247954102,5,96
2021-07-24 22:30:00+00:00,2.0018277588,-0.1611606821,1.8406670767,0.5218513198,15,4,6,0.25,0.1,0.9,1,0.5218513198,5,96
2021-07-24 22:45:00+00:00,2.012786377,-0.1721193003,1.8406670767,0.5191653084,15,4,6,0.25,0.1,0.9,1,0.5191653084,5,96
2021-07-24 23:00:00+00:00,2.0526745605,-0.21430240790000002,1.8383721525999999,0.5191653084,15,4,6,0.25,0.1,0.9,1,0.5191653084,5,96
2021-07-24 23:15:00+00:00,2.0312426758,-0.1928705232,1.8383721525999999,0.5155936016,15,4,6,0.25,0.1,0.9,1,0.5155936016,5,96
2021-07-24 23:30:00+00:00,2.037654541,-0.1992823884,1.8383721525999999,0.5123790929,15,4,6,0.25,0.1,0.9,1,0.5123790929,5,96
2021-07-24 23:45:00+00:00,2.037654541,-0.1992823884,1.8383721525999999,0.5090577198,15,4,6,0.25,0.1,0.9,1,0.5090577198,5,96
2021-07-25 00:00:00+00:00,2.0751408691,-0.2367687165,1.8383721525999999,0.5057363466,15,4,6,0.25,0.1,0.9,1,0.5057363466,5,96
2021-07-25 00:15:00+00:00,2.0858308105,-0.2474586578,1.8383721526999999,0.5017902013000001,15,4,6,0.25,0.1,0.9,1,0.5017902013000001,5,96
2021-07-25 00:30:00+00:00,2.063114502,-0.2283287068,1.8347857952000002,0.5017902013000001,15,4,6,0.25,0.1,0.9,1,0.5017902013000001,5,96
2021-07-25 00:45:00+00:00,2.063114502,-0.2283287067,1.8347857953000002,0.4979847229,15,4,6,0.25,0.1,0.9,1,0.4979847229,5,96
2021-07-25 01:00:00+00:00,2.1032219238,-0.26843612850000004,1.8347857953000002,0.4941792445,15,4,6,0.25,0.1,0.9,1,0.4941792445,5,96
2021-07-25 01:15:00+00:00,2.1674111328,-0.3326253375,1.8347857953000002,0.48970530900000003,15,4,6,0.25,0.1,0.9,1,0.48970530900000003,5,96
2021-07-25 01:30:00+00:00,2.2900734863,-0.45528769100000005,1.8347857953000002,0.4841615534,15,4,6,0.25,0.1,0.9,1,0.4841615534,5,96
2021-07-25 01:45:00+00:00,2.3861599121,-0.5513741168,1.8347857953000002,0.4765734252,15,4,6,0.25,0.1,0.9,1,0.4765734252,5,96
2021-07-25 02:00:00+00:00,2.3999084473,-0.5738746223,1.826033825,0.4765734252,15,4,6,0.25,0.1,0.9,1,0.4765734252,5,96
2021-07-25 02:15:00+00:00,2.1499960938,-0.3239622688,1.826033825,0.46700884810000004,15,4,6,0.25,0.1,0.9,1,0.46700884810000004,5,96
2021-07-25 02:30:00+00:00,2.1263747559,-0.3056517879,1.820722968,0.46700884810000004,15,4,6,0.25,0.1,0.9,1,0.46700884810000004,5,96
2021-07-25 02:45:00+00:00,2.0835100098,-0.2627870418,1.820722968,0.4619146517,15,4,6,0.25,0.1,0.9,1,0.4619146517,5,96
2021-07-25 03:00:00+00:00,2.0835100098,-0.2627870418,1.820722968,0.4575348676,15,4,6,0.25,0.1,0.9,1,0.4575348676,5,96
2021-07-25 03:15:00+00:00,2.1241296387,-0.3034066707,1.820722968,0.4531550836,15,4,6,0.25,0.1,0.9,1,0.4531550836,5,96
2021-07-25 03:30:00+00:00,2.1094196777,-0.2886967097,1.820722968,0.44809830580000004,15,4,6,0.25,0.1,0.9,1,0.44809830580000004,5,96
2021-07-25 03:45:00+00:00,2.1094196777,-0.29385200840000003,1.8155676693,0.44809830580000004,15,4,6,0.25,0.1,0.9,1,0.44809830580000004,5,96
2021-07-25 04:00:00+00:00,2.1085144043,-0.292946735,1.8155676693,0.4432007723,15,4,6,0.25,0.1,0.9,1,0.4432007723,5,96
2021-07-25 04:15:00+00:00,2.1094196777,-0.2992769483,1.8101427293999999,0.4432007723,15,4,6,0.25,0.1,0.9,1,0.4432007723,5,96
2021-07-25 04:30:00+00:00,2.0669897461,-0.2568470167,1.8101427293999999,0.4382128232,15,4,6,0.25,0.1,0.9,1,0.4382128232,5,96
2021-07-25 04:45:00+00:00,1.9225670166,-0.11736365400000001,1.8052033626,0.4382128232,15,4,6,0.25,0.1,0.9,1,0.4382128232,5,96
2021-07-25 05:00:00+00:00,1.7568118896,0.048391473000000004,1.8052033626,0.4362567623,15,4,6,0.25,0.1,0.9,1,0.4362567623,5,96
2021-07-25 05:15:00+00:00,1.7406850586,0.064518304,1.8052033626,0.4370632868,15,4,6,0.25,0.1,0.9,1,0.4370632868,5,96
2021-07-25 05:30:00+00:00,1.7753804932000001,0.0298228694,1.8052033626,0.43813859190000004,15,4,6,0.25,0.1,0.9,1,0.43813859190000004,5,96
2021-07-25 05:45:00+00:00,1.6658784180000001,0.13994625460000001,1.8058246726,0.43813859190000004,15,4,6,0.25,0.1,0.9,1,0.43813859190000004,5,96
2021-07-25 06:00:00+00:00,1.3585412598,0.4472834128,1.8058246726,0.4404710294,15,4,6,0.25,0.1,0.9,1,0.4404710294,5,96
2021-07-25 06:15:00+00:00,1.328276001,0.47754867160000003,1.8058246726,0.44792575300000004,15,4,6,0.25,0.1,0.9,1,0.44792575300000004,5,96
2021-07-25 06:30:00+00:00,1.2845515137,0.5212731589,1.8058246726,0.4558848975,15,4,6,0.25,0.1,0.9,1,0.4558848975,5,96
2021-07-25 06:45:00+00:00,1.2937346191,0.5239371723,1.8176717914,0.4558848975,15,4,6,0.25,0.1,0.9,1,0.4558848975,5,96
2021-07-25 07:00:00+00:00,1.1674145508,0.6502572406,1.8176717914,0.4646171837,15,4,6,0.25,0.1,0.9,1,0.4646171837,5,96
2021-07-25 07:15:00+00:00,1.127168457,0.6905033344,1.8176717914,0.47545480440000004,15,4,6,0.25,0.1,0.9,1,0.47545480440000004,5,96
2021-07-25 07:30:00+00:00,1.1050562744,0.712615517,1.8176717914,0.48696319330000004,15,4,6,0.25,0.1,0.9,1,0.48696319330000004,5,96
2021-07-25 07:45:00+00:00,1.0478392334,0.7698325580000001,1.8176717914,0.4988401186,15,4,6,0.25,0.1,0.9,1,0.4988401186,5,96
2021-07-25 08:00:00+00:00,1.0449672852,0.7727045062,1.8176717914,0.5116706612,15,4,6,0.25,0.1,0.9,1,0.5116706612,5,96
2021-07-25 08:15:00+00:00,1.0169260864,0.8007457050000001,1.8176717914,0.5245490697,15,4,6,0.25,0.1,0.9,1,0.5245490697,5,96
2021-07-25 08:30:00+00:00,0.9505363159,0.888777252,1.8393135679000001,0.5245490697,15,4,6,0.25,0.1,0.9,1,0.5245490697,5,96
2021-07-25 08:45:00+00:00,0.9281932373,0.9111203306000001,1.8393135679000001,0.5393620239,15,4,6,0.25,0.1,0.9,1,0.5393620239,5,96
2021-07-25 09:00:00+00:00,0.9471879883000001,0.8921255796,1.8393135679000001,0.5545473627,15,4,6,0.25,0.1,0.9,1,0.5545473627,5,96
2021-07-25 09:15:00+00:00,0.9448726196,0.9206799360000001,1.8655525555999999,0.5545473627,15,4,6,0.25,0.1,0.9,1,0.5545473627,5,96
2021-07-25 09:30:00+00:00,0.8996597900000001,0.9658927656,1.8655525555999999,0.5698920283000001,15,4,6,0.25,0.1,0.9,1,0.5698920283000001,5,96
2021-07-25 09:45:00+00:00,0.894571106,0.9709814496,1.8655525555999999,0.5859902411,15,4,6,0.25,0.1,0.9,1,0.5859902411,5,96
2021-07-25 10:00:00+00:00,0.9130664673000001,0.9524860884,1.8655525557,0.6021732652,15,4,6,0.25,0.1,0.9,1,0.6021732652,5,96
2021-07-25 10:15:00+00:00,1.1856942139,0.7114249288000001,1.8971191427,0.6021732652,15,4,6,0.25,0.1,0.9,1,0.6021732652,5,96
2021-07-25 10:30:00+00:00,1.1700084229,0.7271107198,1.8971191427,0.6140303474000001,15,4,6,0.25,0.1,0.9,1,0.6140303474000001,5,96
2021-07-25 10:45:00+00:00,1.1233469238,0.7737722189,1.8971191427,0.6261488594,15,4,6,0.25,0.1,0.9,1,0.6261488594,5,96
2021-07-25 11:00:00+00:00,1.117045166,0.7800739767,1.8971191427,0.6390450630000001,15,4,6,0.25,0.1,0.9,1,0.6390450630000001,5,96
2021-07-25 11:15:00+00:00,1.172760376,0.7532503982000001,1.9260107741999999,0.6390450630000001,15,4,6,0.25,0.1,0.9,1,0.6390450630000001,5,96
2021-07-25 11:30:00+00:00,1.2238704834,0.7021402908000001,1.9260107741999999,0.6515992363,15,4,6,0.25,0.1,0.9,1,0.6515992363,5,96
2021-07-25 11:45:00+00:00,1.2216520996,0.7043586747,1.9260107743,0.6633015745,15,4,6,0.25,0.1,0.9,1,0.6633015745,5,96
2021-07-25 12:00:00+00:00,1.1819075928,0.7441031815,1.9260107743,0.6750408857,15,4,6,0.25,0.1,0.9,1,0.6750408857,5,96
2021-07-25 12:15:00+00:00,1.2084298096000001,0.7175809647,1.9260107743,0.6874426054,15,4,6,0.25,0.1,0.9,1,0.6874426054,5,96
2021-07-25 12:30:00+00:00,1.2049450684,0.7536830219,1.9586280903,0.6874426054,15,4,6,0.25,0.1,0.9,1,0.6874426054,5,96
2021-07-25 12:45:00+00:00,1.3060654297,0.6525626606,1.9586280903,0.7000039891000001,15,4,6,0.25,0.1,0.9,1,0.7000039891000001,5,96
2021-07-25 13:00:00+00:00,1.2851033936,0.6735246967,1.9586280903,0.7108800335000001,15,4,6,0.25,0.1,0.9,1,0.7108800335000001,5,96
2021-07-25 13:15:00+00:00,1.2871750488,0.7037692954,1.9909443441999999,0.7108800335000001,15,4,6,0.25,0.1,0.9,1,0.7108800335000001,5,96
2021-07-25 13:30:00+00:00,1.3247541504,0.6661901941,1.9909443445,0.7226095217,15,4,6,0.25,0.1,0.9,1,0.7226095217,5,96
2021-07-25 13:45:00+00:00,1.3247541504,0.6661901946000001,1.990944345,0.7337126916000001,15,4,6,0.25,0.1,0.9,1,0.7337126916000001,5,96
2021-07-25 14:00:00+00:00,1.3199257813,0.6710185642000001,1.9909443455,0.7448158615,15,4,6,0.25,0.1,0.9,1,0.7448158615,5,96
2021-07-25 14:15:00+00:00,1.2810493164,0.7098950301,1.9909443465,0.7559995043000001,15,4,6,0.25,0.1,0.9,1,0.7559995043000001,5,96
2021-07-25 14:30:00+00:00,1.3796386719,0.6113056683,1.9909443402,0.7678310881,15,4,6,0.25,0.1,0.9,1,0.7678310881,5,96
2021-07-25 14:45:00+00:00,1.2427197266,0.7482246208000001,1.9909443474000001,0.7780195159000001,15,4,6,0.25,0.1,0.9,1,0.7780195159000001,5,96
2021-07-25 15:00:00+00:00,1.2291627197000001,0.7617816197,1.9909443394,0.7904899263,15,4,6,0.25,0.1,0.9,1,0.7904899263,5,96
2021-07-25 15:15:00+00:00,1.0662305908,0.9247137518,1.9909443426000002,0.8031862866,15,4,6,0.25,0.1,0.9,1,0.8031862866,5,96
2021-07-25 15:30:00+00:00,1.1171027832,0.8738415599,1.9909443431,0.8185981825,15,4,6,0.25,0.1,0.9,1,0.8185981825,5,96
2021-07-25 15:45:00+00:00,1.2553309326,0.7783439007,2.0336748333,0.8185981825,15,4,6,0.25,0.1,0.9,1,0.8185981825,5,96
2021-07-25 16:00:00+00:00,1.4450007324,0.5886741024000001,2.0336748348,0.8315705808,15,4,6,0.25,0.1,0.9,1,0.8315705808,5,96
2021-07-25 16:15:00+00:00,1.2959360352,0.7377387999999999,2.0336748352,0.8413818158,15,4,6,0.25,0.1,0.9,1,0.8413818158,5,96
2021-07-25 16:30:00+00:00,1.2782664795,0.7856768376000001,2.0639433171,0.8413818158,15,4,6,0.25,0.1,0.9,1,0.8413818158,5,96
2021-07-25 16:45:00+00:00,1.5287880859,0.5351552313,2.0639433172,0.8544764298,15,4,6,0.25,0.1,0.9,1,0.8544764298,5,96
2021-07-25 17:00:00+00:00,1.684887207,0.4023237445,2.0872109515,0.8544764298,15,4,6,0.25,0.1,0.9,1,0.8544764298,5,96
2021-07-25 17:15:00+00:00,1.7882572021,0.2989537499,2.087210952,0.8611818255,15,4,6,0.25,0.1,0.9,1,0.8611818255,5,96
2021-07-25 17:30:00+00:00,1.7996495361,0.2875614165,2.0872109526,0.8661643880000001,15,4,6,0.25,0.1,0.9,1,0.8661643880000001,5,96
2021-07-25 17:45:00+00:00,1.8916307373,0.195580216,2.0872109533,0.8709570783,15,4,6,0.25,0.1,0.9,1,0.8709570783,5,96
2021-07-25 18:00:00+00:00,2.0296706543,0.0575402998,2.0872109541,0.8742167486,15,4,6,0.25,0.1,0.9,1,0.8742167486,5,96
2021-07-25 18:15:00+00:00,2.0296706543,0.057540300600000004,2.0872109549,0.8751757536,15,4,6,0.25,0.1,0.9,1,0.8751757536,5,96
2021-07-25 18:30:00+00:00,1.8550631104000002,0.2321478454,2.0872109558,0.8761347586,15,4,6,0.25,0.1,0.9,1,0.8761347586,5,96
2021-07-25 18:45:00+00:00,1.9904033203,0.0968076365,2.0872109568,0.8800038894000001,15,4,6,0.25,0.1,0.9,1,0.8800038894000001,5,96
2021-07-25 19:00:00+00:00,1.9904033203,0.09680763760000001,2.0872109579,0.88161735,15,4,6,0.25,0.1,0.9,1,0.88161735,5,96
2021-07-25 19:15:00+00:00,2.0031420898,0.0840688693,2.0872109591,0.8832308106000001,15,4,6,0.25,0.1,0.9,1,0.8832308106000001,5,96
2021-07-25 19:30:00+00:00,2.0031420898,0.0840688707,2.0872109605,0.8846319584000001,15,4,6,0.25,0.1,0.9,1,0.8846319584000001,5,96
2021-07-25 19:45:00+00:00,2.0031420898,0.0840688721,2.0872109619,0.8860331063,15,4,6,0.25,0.1,0.9,1,0.8860331063,5,96
2021-07-25 20:00:00+00:00,2.011767334,0.0754436296,2.0872109636,0.8874342541,15,4,6,0.25,0.1,0.9,1,0.8874342541,5,96
2021-07-25 20:15:00+00:00,2.011767334,0.0754436314,2.0872109654,0.8886916479,15,4,6,0.25,0.1,0.9,1,0.8886916479,5,96
2021-07-25 20:30:00+00:00,1.9938709717,0.0933399957,2.0872109674,0.8899490418,15,4,6,0.25,0.1,0.9,1,0.8899490418,5,96
2021-07-25 20:45:00+00:00,1.9904033203,0.10847515340000001,2.0988784737,0.8899490418,15,4,6,0.25,0.1,0.9,1,0.8899490418,5,96
2021-07-25 21:00:00+00:00,2.0113347168,0.0875437594,2.0988784762,0.891756961,15,4,6,0.25,0.1,0.9,1,0.891756961,5,96
2021-07-25 21:15:00+00:00,2.0235913086,0.07528717060000001,2.0988784792,0.8932160237000001,15,4,6,0.25,0.1,0.9,1,0.8932160237000001,5,96
2021-07-25 21:30:00+00:00,2.0235913086,0.07528717430000001,2.0988784829,0.8944708099,15,4,6,0.25,0.1,0.9,1,0.8944708099,5,96
2021-07-25 21:45:00+00:00,2.0235913086,0.0752871792,2.0988784878,0.8957255961,15,4,6,0.25,0.1,0.9,1,0.8957255961,5,96
2021-07-25 22:00:00+00:00,2.0291364746,0.0697420201,2.0988784947,0.8969803824,15,4,6,0.25,0.1,0.9,1,0.8969803824,5,96
2021-07-25 22:15:00+00:00,2.0355025635,0.0633759424,2.0988785059,0.8981427494,15,4,6,0.25,0.1,0.9,1,0.8981427494,5,96
2021-07-25 22:30:00+00:00,2.0508188477,0.1114356212,2.1622544689,0.8981427494,15,4,6,0.25,0.1,0.9,1,0.8981427494,5,96
2021-07-25 22:45:00+00:00,2.2542810059000002,0.0633086237,2.3175896296,0.8981427494,15,4,6,0.25,0.1,0.9,1,0.8981427494,5,96
2021-07-25 23:00:00+00:00,2.2694626465,0.0481270091,2.3175896556,0.8991978931,15,4,6,0.25,0.1,0.9,1,0.8991978931,5,96
2021-07-25 23:15:00+00:00,3.1290185547,-0.1919120954,2.9371064593,0.8991978931,15,4,6,0.25,0.1,0.9,1,0.8991978931,5,96
2021-07-25 23:30:00+00:00,3.2036660156,-0.2939756189,2.9096903967000003,0.8991978931,15,4,6,0.25,0.1,0.9,1,0.8991978931,5,96
2021-07-25 23:45:00+00:00,3.1680205078,-0.2583301096,2.9096903982,0.8942982995000001,15,4,6,0.25,0.1,0.9,1,0.8942982995000001,5,96
2021-07-26 00:00:00+00:00,3.1515622559,-0.2418718555,2.9096904004,0.8899927977000001,15,4,6,0.25,0.1,0.9,1,0.8899927977000001,5,96
2021-07-26 00:15:00+00:00,3.1515622559,-0.24187206090000002,2.909690195,0.8859616001,15,4,6,0.25,0.1,0.9,1,0.8859616001,5,96
2021-07-26 00:30:00+00:00,2.3243518066,0.4662108887,2.7905626953000002,0.8859616001,15,4,6,0.25,0.1,0.9,1,0.8859616001,5,96
2021-07-26 00:45:00+00:00,2.4144689941,0.3760937025,2.7905626966,0.8937317816,15,4,6,0.25,0.1,0.9,1,0.8937317816,5,96
2021-07-26 01:00:00+00:00,2.9060744629,0.1002641518,3.0063386147,0.8937317816,15,4,6,0.25,0.1,0.9,1,0.8937317816,5,96
2021-07-26 01:15:00+00:00,3.2643581543,-0.2580195379,3.0063386164,0.8954028508,15,4,6,0.25,0.1,0.9,1,0.8954028508,5,96
2021-07-26 01:30:00+00:00,3.1519831543,-0.1825044753,2.969478679,0.8954028508,15,4,6,0.25,0.1,0.9,1,0.8954028508,5,96
2021-07-26 01:45:00+00:00,3.2037126465,-0.2342339648,2.9694786817,0.8923611095,15,4,6,0.25,0.1,0.9,1,0.8923611095,5,96
2021-07-26 02:00:00+00:00,3.1875168457,-0.2180381622,2.9694786835,0.8884572101,15,4,6,0.25,0.1,0.9,1,0.8884572101,5,96
2021-07-26 02:15:00+00:00,3.2351589355,-0.3201897917,2.9149691438,0.8884572101,15,4,6,0.25,0.1,0.9,1,0.8884572101,5,96
2021-07-26 02:30:00+00:00,2.4909494629,0.4240196841,2.914969147,0.8831207136,15,4,6,0.25,0.1,0.9,1,0.8831207136,5,96
2021-07-26 02:45:00+00:00,2.6472087402,0.2677604076,2.9149691478,0.8901877083,15,4,6,0.25,0.1,0.9,1,0.8901877083,5,96
2021-07-26 03:00:00+00:00,2.5939914551000003,0.3209776942,2.9149691493,0.8946503818,15,4,6,0.25,0.1,0.9,1,0.8946503818,5,96
2021-07-26 03:15:00+00:00,3.7437844238,0.027859665000000002,3.7716440888,0.8946503818,15,4,6,0.25,0.1,0.9,1,0.8946503818,5,96
2021-07-26 03:30:00+00:00,4.0330666504,-0.2614225572,3.7716440932,0.8951147095,15,4,6,0.25,0.1,0.9,1,0.8951147095,5,96
2021-07-26 03:45:00+00:00,4.0600852051,-0.2884411096,3.7716440955,0.8907576669,15,4,6,0.25,0.1,0.9,1,0.8907576669,5,96
2021-07-26 04:00:00+00:00,4.1741831055,-0.4025390069,3.7716440986,0.8859503151,15,4,6,0.25,0.1,0.9,1,0.8859503151,5,96
2021-07-26 04:15:00+00:00,4.2368457031,-0.46520160520000003,3.7716440979,0.8792413316000001,15,4,6,0.25,0.1,0.9,1,0.8792413316000001,5,96
2021-07-26 04:30:00+00:00,5.0223862305,-1.2507421318,3.7716440987,0.8714879715,15,4,6,0.25,0.1,0.9,1,0.8714879715,5,96
2021-07-26 04:45:00+00:00,5.62965625,-1.8858064206,3.7438498294,0.8714879715,15,4,6,0.25,0.1,0.9,1,0.8714879715,5,96
2021-07-26 05:00:00+00:00,5.6900463867,-1.946196557,3.7438498297000002,0.8400578645000001,15,4,6,0.25,0.1,0.9,1,0.8400578645000001,5,96
2021-07-26 05:15:00+00:00,4.5368637695,-0.8382743253,3.6985894442,0.8400578645000001,15,4,6,0.25,0.1,0.9,1,0.8400578645000001,5,96
2021-07-26 05:30:00+00:00,4.3970063477,-0.6984169033000001,3.6985894444,0.8260866258,15,4,6,0.25,0.1,0.9,1,0.8260866258,5,96
2021-07-26 05:45:00+00:00,4.2392387695,-0.5406493249000001,3.6985894446,0.814446344,15,4,6,0.25,0.1,0.9,1,0.814446344,5,96
2021-07-26 06:00:00+00:00,4.2471611328,-0.548571688,3.6985894448,0.805435522,15,4,6,0.25,0.1,0.9,1,0.805435522,5,96
2021-07-26 06:15:00+00:00,4.4590341797,-0.7604447347000001,3.698589445,0.7962926605,15,4,6,0.25,0.1,0.9,1,0.7962926605,5,96
2021-07-26 06:30:00+00:00,4.9444326172,-1.245843172,3.6985894452,0.7836185816,15,4,6,0.25,0.1,0.9,1,0.7836185816,5,96
2021-07-26 06:45:00+00:00,5.1479370117,-1.4493475663,3.6985894454,0.7628545287,15,4,6,0.25,0.1,0.9,1,0.7628545287,5,96
2021-07-26 07:00:00+00:00,5.200597168,-1.5020077225000001,3.6985894455,0.7386987359,15,4,6,0.25,0.1,0.9,1,0.7386987359,5,96
2021-07-26 07:15:00+00:00,5.0510151367,-1.3524256911,3.6985894456,0.7136652739,15,4,6,0.25,0.1,0.9,1,0.7136652739,5,96
2021-07-26 07:30:00+00:00,4.9127944336,-1.214204988,3.6985894456,0.6911248457,15,4,6,0.25,0.1,0.9,1,0.6911248457,5,96
2021-07-26 07:45:00+00:00,4.7624140624999995,-1.0638246169,3.6985894456,0.6708880959,15,4,6,0.25,0.1,0.9,1,0.6708880959,5,96
2021-07-26 08:00:00+00:00,4.7778891602,-1.1125442338,3.6653449264,0.6708880959,15,4,6,0.25,0.1,0.9,1,0.6708880959,5,96
2021-07-26 08:15:00+00:00,4.8011679687,-1.1358230423,3.6653449264,0.652345692,15,4,6,0.25,0.1,0.9,1,0.652345692,5,96
2021-07-26 08:30:00+00:00,5.3026240234,-1.6372790969,3.6653449265,0.633415308,15,4,6,0.25,0.1,0.9,1,0.633415308,5,96
2021-07-26 08:45:00+00:00,5.3363696289,-1.6710247023,3.6653449266,0.606127323,15,4,6,0.25,0.1,0.9,1,0.606127323,5,96
2021-07-26 09:00:00+00:00,5.350144043,-1.6847991164,3.6653449266,0.5782769113,15,4,6,0.25,0.1,0.9,1,0.5782769113,5,96
2021-07-26 09:15:00+00:00,4.9774916992,-1.3121467727,3.6653449265,0.550196926,15,4,6,0.25,0.1,0.9,1,0.550196926,5,96
2021-07-26 09:30:00+00:00,4.9422470703,-1.3273693273,3.614877743,0.550196926,15,4,6,0.25,0.1,0.9,1,0.550196926,5,96
2021-07-26 09:45:00+00:00,4.8669726562,-1.2520949132,3.614877743,0.5280741039,15,4,6,0.25,0.1,0.9,1,0.5280741039,5,96
2021-07-26 10:00:00+00:00,4.8187094727,-1.2038317298,3.6148777429,0.5072058554000001,15,4,6,0.25,0.1,0.9,1,0.5072058554000001,5,96
2021-07-26 10:15:00+00:00,4.7810830078,-1.1662052649,3.6148777429,0.4871419932,15,4,6,0.25,0.1,0.9,1,0.4871419932,5,96
2021-07-26 10:30:00+00:00,3.7317307129,-0.11685297010000001,3.6148777428,0.46770523880000003,15,4,6,0.25,0.1,0.9,1,0.46770523880000003,5,96
2021-07-26 10:45:00+00:00,5.1295585937,-1.5146808507,3.614877743,0.4657576893,15,4,6,0.25,0.1,0.9,1,0.4657576893,5,96
2021-07-26 11:00:00+00:00,4.7420737305,-1.2029300298,3.5391437007,0.4657576893,15,4,6,0.25,0.1,0.9,1,0.4657576893,5,96
2021-07-26 11:15:00+00:00,4.6835737305,-1.1444300298,3.5391437007,0.4457088555,15,4,6,0.25,0.1,0.9,1,0.4457088555,5,96
2021-07-26 11:30:00+00:00,4.5461635742,-1.0070198736,3.5391437006,0.4266350216,15,4,6,0.25,0.1,0.9,1,0.4266350216,5,96
2021-07-26 11:45:00+00:00,4.487565918,-0.9484222174,3.5391437006,0.40985135710000004,15,4,6,0.25,0.1,0.9,1,0.40985135710000004,5,96
2021-07-26 12:00:00+00:00,4.5927138672,-1.1128465478,3.4798673194,0.40985135710000004,15,4,6,0.25,0.1,0.9,1,0.40985135710000004,5,96
2021-07-26 12:15:00+00:00,4.5735561523,-1.0936888326,3.4798673197,0.3913039146,15,4,6,0.25,0.1,0.9,1,0.3913039146,5,96
2021-07-26 12:30:00+00:00,4.6363217773,-1.1564544573,3.47986732,0.37307576740000004,15,4,6,0.25,0.1,0.9,1,0.37307576740000004,5,96
2021-07-26 12:45:00+00:00,4.5781508789,-1.12773921,3.4504116689,0.37307576740000004,15,4,6,0.25,0.1,0.9,1,0.37307576740000004,5,96
2021-07-26 13:00:00+00:00,4.6305654297,-1.1801537609000001,3.4504116688,0.3542801139,15,4,6,0.25,0.1,0.9,1,0.3542801139,5,96
2021-07-26 13:15:00+00:00,4.6265151367,-1.1975608104,3.4289543263,0.3542801139,15,4,6,0.25,0.1,0.9,1,0.3542801139,5,96
2021-07-26 13:30:00+00:00,4.6748007813,-1.2458464550000001,3.4289543263,0.3343207671,15,4,6,0.25,0.1,0.9,1,0.3343207671,5,96
2021-07-26 13:45:00+00:00,4.6660229492,-1.237068623,3.4289543262,0.3135566595,15,4,6,0.25,0.1,0.9,1,0.3135566595,5,96
2021-07-26 14:00:00+00:00,4.7307080078,-1.3017536817,3.4289543261,0.2929388491,15,4,6,0.25,0.1,0.9,1,0.2929388491,5,96
2021-07-26 14:15:00+00:00,4.8020766602,-1.3731223342,3.428954326,0.2712429544,15,4,6,0.25,0.1,0.9,1,0.2712429544,5,96
2021-07-26 14:30:00+00:00,4.7709238281,-1.3419695022,3.4289543259,0.2483575822,15,4,6,0.25,0.1,0.9,1,0.2483575822,5,96
2021-07-26 14:45:00+00:00,4.7817504883,-1.3527961625,3.4289543258,0.2259914238,15,4,6,0.25,0.1,0.9,1,0.2259914238,5,96
2021-07-26 15:00:00+00:00,4.910472168,-1.4815178423,3.4289543257,0.2034448211,15,4,6,0.25,0.1,0.9,1,0.2034448211,5,96
2021-07-26 15:15:00+00:00,4.8147011719,-1.3857468465,3.4289543254,0.17875285700000001,15,4,6,0.25,0.1,0.9,1,0.17875285700000001,5,96
2021-07-26 15:30:00+00:00,4.3454887695,-0.9165344445,3.428954325,0.1556570763,15,4,6,0.25,0.1,0.9,1,0.1556570763,5,96
2021-07-26 15:45:00+00:00,4.134190918,-0.7256040260000001,3.408586892,0.1556570763,15,4,6,0.25,0.1,0.9,1,0.1556570763,5,96
2021-07-26 16:00:00+00:00,1.5905930176,1.8179938736999999,3.4085868913,0.1435636758,15,4,6,0.25,0.1,0.9,1,0.1435636758,5,96
2021-07-26 16:15:00+00:00,1.5362285156,1.8723583754000002,3.408586891,0.1738635737,15,4,6,0.25,0.1,0.9,1,0.1738635737,5,96
2021-07-26 16:30:00+00:00,1.5867735596,1.8663932924000002,3.453166852,0.1738635737,15,4,6,0.25,0.1,0.9,1,0.1738635737,5,96
2021-07-26 16:45:00+00:00,1.7844370117000001,1.6687298402000001,3.4531668519,0.2049701286,15,4,6,0.25,0.1,0.9,1,0.2049701286,5,96
2021-07-26 17:00:00+00:00,1.7184797363,1.7346871155999999,3.4531668519,0.2327822926,15,4,6,0.25,0.1,0.9,1,0.2327822926,5,96
2021-07-26 17:15:00+00:00,1.99949646,1.4981495416000001,3.4976460016,0.2327822926,15,4,6,0.25,0.1,0.9,1,0.2327822926,5,96
2021-07-26 17:30:00+00:00,2.0543063965,1.4433396107,3.4976460072,0.2577514516,15,4,6,0.25,0.1,0.9,1,0.2577514516,5,96
2021-07-26 17:45:00+00:00,2.0816123047,1.4160336753,3.49764598,0.2818071118,15,4,6,0.25,0.1,0.9,1,0.2818071118,5,96
2021-07-26 18:00:00+00:00,2.0843117676,1.4133342403,3.4976460079000002,0.3054076731,15,4,6,0.25,0.1,0.9,1,0.3054076731,5,96
2021-07-26 18:15:00+00:00,2.0843117676,1.4133342342000002,3.4976460018,0.3289632437,15,4,6,0.25,0.1,0.9,1,0.3289632437,5,96
2021-07-26 18:30:00+00:00,2.0288568115,1.4687891902999999,3.4976460018,0.35251881430000004,15,4,6,0.25,0.1,0.9,1,0.35251881430000004,5,96
2021-07-26 18:45:00+00:00,2.0288568115,1.4687891902999999,3.4976460018,0.3769986341,15,4,6,0.25,0.1,0.9,1,0.3769986341,5,96
2021-07-26 19:00:00+00:00,2.0288568115,1.4687891657,3.4976459772,0.40147845400000004,15,4,6,0.25,0.1,0.9,1,0.40147845400000004,5,96
2021-07-26 19:15:00+00:00,2.0843117676,1.4133342106,3.4976459782,0.42595827340000003,15,4,6,0.25,0.1,0.9,1,0.42595827340000003,5,96
2021-07-26 19:30:00+00:00,2.0495090332,1.4481369449,3.4976459781,0.4495138436,15,4,6,0.25,0.1,0.9,1,0.4495138436,5,96
2021-07-26 19:45:00+00:00,2.0495090332,1.4481369446,3.4976459778,0.4736494593,15,4,6,0.25,0.1,0.9,1,0.4736494593,5,96
2021-07-26 20:00:00+00:00,2.0495090332,1.4481369443,3.4976459775,0.49778507510000003,15,4,6,0.25,0.1,0.9,1,0.49778507510000003,5,96
2021-07-26 20:15:00+00:00,2.0495090332,1.4481369441,3.4976459773,0.5219206908,15,4,6,0.25,0.1,0.9,1,0.5219206908,5,96
2021-07-26 20:30:00+00:00,2.0239029541,1.5275377413,3.5514406954,0.5219206908,15,4,6,0.25,0.1,0.9,1,0.5219206908,5,96
2021-07-26 20:45:00+00:00,2.0288568115,1.5225838838999999,3.5514406954,0.5473796532,15,4,6,0.25,0.1,0.9,1,0.5473796532,5,96
2021-07-26 21:00:00+00:00,2.1217770996,1.4296635958000001,3.5514406954,0.5727560512000001,15,4,6,0.25,0.1,0.9,1,0.5727560512000001,5,96
2021-07-26 21:15:00+00:00,2.8646960449,0.7463139661,3.6110100110000003,0.5727560512000001,15,4,6,0.25,0.1,0.9,1,0.5727560512000001,5,96
2021-07-26 21:30:00+00:00,2.7942124023,0.8167976087000001,3.6110100110000003,0.5851946173,15,4,6,0.25,0.1,0.9,1,0.5851946173,5,96
2021-07-26 21:45:00+00:00,2.8279140625,0.7830959485000001,3.6110100110000003,0.5988079108000001,15,4,6,0.25,0.1,0.9,1,0.5988079108000001,5,96
2021-07-26 22:00:00+00:00,2.8446098633,0.8036904313000001,3.6483002946000003,0.5988079108000001,15,4,6,0.25,0.1,0.9,1,0.5988079108000001,5,96
2021-07-26 22:15:00+00:00,2.898034668,0.7502656265000001,3.6483002945000003,0.6122027513,15,4,6,0.25,0.1,0.9,1,0.6122027513,5,96
2021-07-26 22:30:00+00:00,2.0725534668,1.5757468269000001,3.6483002937,0.6247071785,15,4,6,0.25,0.1,0.9,1,0.6247071785,5,96
2021-07-26 22:45:00+00:00,2.153407959,1.4948923349,3.6483002939,0.6509696256,15,4,6,0.25,0.1,0.9,1,0.6509696256,5,96
2021-07-26 23:00:00+00:00,2.1534538574,1.4948464366,3.648300294,0.6758844978,15,4,6,0.25,0.1,0.9,1,0.6758844978,5,96
2021-07-26 23:15:00+00:00,2.9642946777,0.77743352,3.7417281977,0.6758844978,15,4,6,0.25,0.1,0.9,1,0.6758844978,5,96
2021-07-26 23:30:00+00:00,3.0368791504,0.7048490473,3.7417281977,0.6888417231,15,4,6,0.25,0.1,0.9,1,0.6888417231,5,96
2021-07-26 23:45:00+00:00,3.0419812012,0.7500933573,3.7920745585,0.6888417231,15,4,6,0.25,0.1,0.9,1,0.6888417231,5,96
2021-07-27 00:00:00+00:00,3.0767980957,0.7152764628,3.7920745585,0.7013432791,15,4,6,0.25,0.1,0.9,1,0.7013432791,5,96
2021-07-27 00:15:00+00:00,3.0596154785,0.7324590801,3.7920745586,0.7132645535000001,15,4,6,0.25,0.1,0.9,1,0.7132645535000001,5,96
2021-07-27 00:30:00+00:00,2.2901223145,1.5019522441,3.7920745586,0.7254722048000001,15,4,6,0.25,0.1,0.9,1,0.7254722048000001,5,96
2021-07-27 00:45:00+00:00,2.2373391113,1.7049306720000001,3.9422697833,0.7254722048000001,15,4,6,0.25,0.1,0.9,1,0.7254722048000001,5,96
2021-07-27 01:00:00+00:00,2.2888132324,1.653456551,3.9422697834,0.753887716,15,4,6,0.25,0.1,0.9,1,0.753887716,5,96
2021-07-27 01:15:00+00:00,3.0315134277,1.1174384026,4.1489518303,0.753887716,15,4,6,0.25,0.1,0.9,1,0.753887716,5,96
2021-07-27 01:30:00+00:00,3.0503381348,1.0986136958,4.1489518306,0.7725116894,15,4,6,0.25,0.1,0.9,1,0.7725116894,5,96
2021-07-27 01:45:00+00:00,3.1209484863,1.0280033414,4.1489518277,0.7908219177,15,4,6,0.25,0.1,0.9,1,0.7908219177,5,96
2021-07-27 02:00:00+00:00,3.1152019043,1.0337499269000001,4.1489518312,0.8079553067,15,4,6,0.25,0.1,0.9,1,0.8079553067,5,96
2021-07-27 02:15:00+00:00,3.1696516113,1.004392911,4.1740445223,0.8079553067,15,4,6,0.25,0.1,0.9,1,0.8079553067,5,96
2021-07-27 02:30:00+00:00,2.8776125488,1.2964319705,4.1740445193,0.8246951885,15,4,6,0.25,0.1,0.9,1,0.8246951885,5,96
2021-07-27 02:45:00+00:00,2.557645752,1.6408597502000002,4.1985055022,0.8246951885,15,4,6,0.25,0.1,0.9,1,0.8246951885,5,96
2021-07-27 03:00:00+00:00,3.501965332,0.6965401707000001,4.1985055027,0.8520428510000001,15,4,6,0.25,0.1,0.9,1,0.8520428510000001,5,96
2021-07-27 03:15:00+00:00,4.7075410156,-0.4953778615,4.2121631541,0.8520428510000001,15,4,6,0.25,0.1,0.9,1,0.8520428510000001,5,96
2021-07-27 03:30:00+00:00,4.9861459961,-0.7739828411,4.212163155,0.8437865533000001,15,4,6,0.25,0.1,0.9,1,0.8437865533000001,5,96
2021-07-27 03:45:00+00:00,4.8759233398,-0.663760185,4.2121631548,0.8308868393000001,15,4,6,0.25,0.1,0.9,1,0.8308868393000001,5,96
2021-07-27 04:00:00+00:00,5.1038154297,-0.9054806120000001,4.1983348177,0.8308868393000001,15,4,6,0.25,0.1,0.9,1,0.8308868393000001,5,96
2021-07-27 04:15:00+00:00,5.5762119141,-1.3778770961,4.198334818,0.8157954958,15,4,6,0.25,0.1,0.9,1,0.8157954958,5,96
2021-07-27 04:30:00+00:00,5.3426362305,-1.1443014124,4.1983348181,0.7928308775,15,4,6,0.25,0.1,0.9,1,0.7928308775,5,96
2021-07-27 04:45:00+00:00,5.5134414063,-1.315106588,4.1983348183,0.7737591873,15,4,6,0.25,0.1,0.9,1,0.7737591873,5,96
2021-07-27 05:00:00+00:00,5.5934726563,-1.4250266241,4.1684460322,0.7737591873,15,4,6,0.25,0.1,0.9,1,0.7737591873,5,96
2021-07-27 05:15:00+00:00,5.0997119141,-0.9312658819,4.1684460322,0.7500087436,15,4,6,0.25,0.1,0.9,1,0.7500087436,5,96
2021-07-27 05:30:00+00:00,5.18521875,-1.0167727177,4.1684460323,0.7344876456,15,4,6,0.25,0.1,0.9,1,0.7344876456,5,96
2021-07-27 05:45:00+00:00,5.0487089844,-0.880262952,4.1684460324,0.7175414336,15,4,6,0.25,0.1,0.9,1,0.7175414336,5,96
2021-07-27 06:00:00+00:00,5.2188286133,-1.0723891547,4.1464394586,0.7175414336,15,4,6,0.25,0.1,0.9,1,0.7175414336,5,96
2021-07-27 06:15:00+00:00,5.1782744141,-1.0318349554,4.1464394587,0.699668281,15,4,6,0.25,0.1,0.9,1,0.699668281,5,96
2021-07-27 06:30:00+00:00,5.3468959961,-1.2276100889000001,4.1192859072,0.699668281,15,4,6,0.25,0.1,0.9,1,0.699668281,5,96
2021-07-27 06:45:00+00:00,5.3237270508,-1.2044411435,4.1192859073,0.6792081129,15,4,6,0.25,0.1,0.9,1,0.6792081129,5,96
2021-07-27 07:00:00+00:00,5.4788251953,-1.3595392880000001,4.1192859073,0.6591340938,15,4,6,0.25,0.1,0.9,1,0.6591340938,5,96
2021-07-27 07:15:00+00:00,5.3246547852,-1.2053688778,4.1192859074,0.6364751057,15,4,6,0.25,0.1,0.9,1,0.6364751057,5,96
2021-07-27 07:30:00+00:00,5.143097168,-1.0238112606,4.1192859074,0.6163856244,15,4,6,0.25,0.1,0.9,1,0.6163856244,5,96
2021-07-27 07:45:00+00:00,5.0226616211,-0.9344002975000001,4.0882613236,0.6163856244,15,4,6,0.25,0.1,0.9,1,0.6163856244,5,96
2021-07-27 08:00:00+00:00,4.9480620117,-0.8598006880000001,4.0882613237,0.6008122861,15,4,6,0.25,0.1,0.9,1,0.6008122861,5,96
2021-07-27 08:15:00+00:00,4.9374521484,-0.8491908247000001,4.0882613237,0.5864822746,15,4,6,0.25,0.1,0.9,1,0.5864822746,5,96
2021-07-27 08:30:00+00:00,5.3774526367,-1.3174976738,4.0599549629,0.5864822746,15,4,6,0.25,0.1,0.9,1,0.5864822746,5,96
2021-07-27 08:45:00+00:00,5.3729746094,-1.3130196465,4.0599549629,0.5645239801,15,4,6,0.25,0.1,0.9,1,0.5645239801,5,96
2021-07-27 09:00:00+00:00,5.2648813477,-1.2049263848,4.0599549629,0.5426403193,15,4,6,0.25,0.1,0.9,1,0.5426403193,5,96
2021-07-27 09:15:00+00:00,4.9858857422,-0.9705576825000001,4.0153280597,0.5426403193,15,4,6,0.25,0.1,0.9,1,0.5426403193,5,96
2021-07-27 09:30:00+00:00,4.9039794922,-0.8886514325,4.0153280597,0.5264643579,15,4,6,0.25,0.1,0.9,1,0.5264643579,5,96
2021-07-27 09:45:00+00:00,4.9471987305,-0.9674167282,3.9797820023,0.5264643579,15,4,6,0.25,0.1,0.9,1,0.5264643579,5,96
2021-07-27 10:00:00+00:00,4.8153432617,-0.8355612594,3.9797820023,0.5103407458,15,4,6,0.25,0.1,0.9,1,0.5103407458,5,96
2021-07-27 10:15:00+00:00,4.8964038086,-0.9529505567000001,3.9434532519000003,0.5103407458,15,4,6,0.25,0.1,0.9,1,0.5103407458,5,96
2021-07-27 10:30:00+00:00,5.2798671875,-1.3364139355,3.9434532520000003,0.49445823650000004,15,4,6,0.25,0.1,0.9,1,0.49445823650000004,5,96
2021-07-27 10:45:00+00:00,5.2416962891,-1.3618817959,3.8798144932,0.49445823650000004,15,4,6,0.25,0.1,0.9,1,0.49445823650000004,5,96
2021-07-27 11:00:00+00:00,4.6451318359,-0.7653173429,3.879814493,0.4717602066,15,4,6,0.25,0.1,0.9,1,0.4717602066,5,96
2021-07-27 11:15:00+00:00,4.6923950195,-0.8528603865000001,3.839534633,0.4717602066,15,4,6,0.25,0.1,0.9,1,0.4717602066,5,96
2021-07-27 11:30:00+00:00,4.8187607422,-0.9792261092000001,3.839534633,0.45754586680000003,15,4,6,0.25,0.1,0.9,1,0.45754586680000003,5,96
2021-07-27 11:45:00+00:00,4.7959418945,-0.9564072615,3.839534633,0.4412254316,15,4,6,0.25,0.1,0.9,1,0.4412254316,5,96
2021-07-27 12:00:00+00:00,4.7880356445,-0.9485010115,3.839534633,0.4252853106,15,4,6,0.25,0.1,0.9,1,0.4252853106,5,96
2021-07-27 12:15:00+00:00,4.8205795898,-1.0442783566,3.7763012332,0.4252853106,15,4,6,0.25,0.1,0.9,1,0.4252853106,5,96
2021-07-27 12:30:00+00:00,5.5228198242,-1.7465185909,3.7763012333,0.4078806713,15,4,6,0.25,0.1,0.9,1,0.4078806713,5,96
2021-07-27 12:45:00+00:00,5.3086210938,-1.5323198606,3.7763012332,0.3787720281,15,4,6,0.25,0.1,0.9,1,0.3787720281,5,96
2021-07-27 13:00:00+00:00,5.2755415038999995,-1.4992402708,3.7763012331,0.35323336380000003,15,4,6,0.25,0.1,0.9,1,0.35323336380000003,5,96
2021-07-27 13:15:00+00:00,5.2012954102,-1.4249941771,3.7763012331,0.328246026,15,4,6,0.25,0.1,0.9,1,0.328246026,5,96
2021-07-27 13:30:00+00:00,5.0399272461,-1.2636260131000001,3.776301233,0.304496123,15,4,6,0.25,0.1,0.9,1,0.304496123,5,96
2021-07-27 13:45:00+00:00,5.1016074219,-1.325306189,3.7763012329,0.28343568950000003,15,4,6,0.25,0.1,0.9,1,0.28343568950000003,5,96
2021-07-27 14:00:00+00:00,4.9445024414,-1.2334360597,3.7110663817000002,0.28343568950000003,15,4,6,0.25,0.1,0.9,1,0.28343568950000003,5,96
2021-07-27 14:15:00+00:00,5.0040810547,-1.2930146731,3.7110663816000002,0.2628784218,15,4,6,0.25,0.1,0.9,1,0.2628784218,5,96
2021-07-27 14:30:00+00:00,5.0841157227,-1.3730493412,3.7110663815000002,0.24132817720000002,15,4,6,0.25,0.1,0.9,1,0.24132817720000002,5,96
2021-07-27 14:45:00+00:00,5.2929863281,-1.5819199467,3.7110663814000002,0.2184440216,15,4,6,0.25,0.1,0.9,1,0.2184440216,5,96
2021-07-27 15:00:00+00:00,5.2573579102,-1.5806810951,3.6766768151,0.2184440216,15,4,6,0.25,0.1,0.9,1,0.2184440216,5,96
2021-07-27 15:15:00+00:00,4.9935986328,-1.316921818,3.6766768148,0.1920993366,15,4,6,0.25,0.1,0.9,1,0.1920993366,5,96
2021-07-27 15:30:00+00:00,4.6894697266000005,-1.0127929121,3.6766768145,0.1701506397,15,4,6,0.25,0.1,0.9,1,0.1701506397,5,96
2021-07-27 15:45:00+00:00,4.6251337891,-0.948456975,3.6766768141,0.15327075780000002,15,4,6,0.25,0.1,0.9,1,0.15327075780000002,5,96
2021-07-27 16:00:00+00:00,1.779225708,1.8974511052,3.6766768132000003,0.1374631415,15,4,6,0.25,0.1,0.9,1,0.1374631415,5,96
2021-07-27 16:15:00+00:00,1.7833127441,1.8933640689,3.6766768130000003,0.1690873266,15,4,6,0.25,0.1,0.9,1,0.1690873266,5,96
2021-07-27 16:30:00+00:00,1.87731604,1.7993607728,3.6766768128000002,0.2006433944,15,4,6,0.25,0.1,0.9,1,0.2006433944,5,96
2021-07-27 16:45:00+00:00,1.7947142334000001,1.8819625793,3.6766768127000002,0.2306327407,15,4,6,0.25,0.1,0.9,1,0.2306327407,5,96
2021-07-27 17:00:00+00:00,1.8581331787000002,1.8680689655,3.7262021442,0.2306327407,15,4,6,0.25,0.1,0.9,1,0.2306327407,5,96
2021-07-27 17:15:00+00:00,1.9785867920000002,1.7476153521,3.7262021441,0.2617672234,15,4,6,0.25,0.1,0.9,1,0.2617672234,5,96
2021-07-27 17:30:00+00:00,2.0511445312,1.6750576127999999,3.726202144,0.290894146,15,4,6,0.25,0.1,0.9,1,0.290894146,5,96
2021-07-27 17:45:00+00:00,2.0131436768,1.7609172565,3.7740609333,0.290894146,15,4,6,0.25,0.1,0.9,1,0.290894146,5,96
2021-07-27 18:00:00+00:00,1.998149292,1.7759116412,3.7740609332,0.32024276690000003,15,4,6,0.25,0.1,0.9,1,0.32024276690000003,5,96
2021-07-27 18:15:00+00:00,2.0627802734,1.7650961644,3.8278764378,0.32024276690000003,15,4,6,0.25,0.1,0.9,1,0.32024276690000003,5,96
2021-07-27 18:30:00+00:00,2.0279516602,1.7999247776,3.8278764378,0.3496610363,15,4,6,0.25,0.1,0.9,1,0.3496610363,5,96
2021-07-27 18:45:00+00:00,2.0288568115,1.8570817161000002,3.8859385276,0.3496610363,15,4,6,0.25,0.1,0.9,1,0.3496610363,5,96
2021-07-27 19:00:00+00:00,2.0335913086,1.85234722,3.8859385286,0.38061239820000003,15,4,6,0.25,0.1,0.9,1,0.38061239820000003,5,96
2021-07-27 19:15:00+00:00,2.0495090332,1.8364294943,3.8859385275,0.4114848519,15,4,6,0.25,0.1,0.9,1,0.4114848519,5,96
2021-07-27 19:30:00+00:00,2.0495090332,1.8364294943,3.8859385275,0.44209201010000004,15,4,6,0.25,0.1,0.9,1,0.44209201010000004,5,96
2021-07-27 19:45:00+00:00,2.0495090332,1.8364294943,3.8859385275,0.47269916840000004,15,4,6,0.25,0.1,0.9,1,0.47269916840000004,5,96
2021-07-27 20:00:00+00:00,2.0495090332,1.8364294943,3.8859385275,0.5033063266,15,4,6,0.25,0.1,0.9,1,0.5033063266,5,96
2021-07-27 20:15:00+00:00,2.0495090332,1.9098866744,3.9593957076,0.5033063266,15,4,6,0.25,0.1,0.9,1,0.5033063266,5,96
2021-07-27 20:30:00+00:00,2.0392521973,1.9201435103,3.9593957076,0.5351377712000001,15,4,6,0.25,0.1,0.9,1,0.5351377712000001,5,96
2021-07-27 20:45:00+00:00,2.0288568115,2.0140233978,4.0428802093,0.5351377712000001,15,4,6,0.25,0.1,0.9,1,0.5351377712000001,5,96
2021-07-27 21:00:00+00:00,2.0157542725,2.0271259368,4.0428802093,0.5687048278,15,4,6,0.25,0.1,0.9,1,0.5687048278,5,96
2021-07-27 21:15:00+00:00,2.0495090332,1.993371175,4.0428802082,0.6024902601000001,15,4,6,0.25,0.1,0.9,1,0.6024902601000001,5,96
2021-07-27 21:30:00+00:00,2.0495090332,1.993371175,4.0428802082,0.635713113,15,4,6,0.25,0.1,0.9,1,0.635713113,5,96
2021-07-27 21:45:00+00:00,2.0495090332,1.9933711751,4.0428802083,0.6689359659,15,4,6,0.25,0.1,0.9,1,0.6689359659,5,96
2021-07-27 22:00:00+00:00,2.0495090332,2.1041140184,4.1536230516,0.6689359659,15,4,6,0.25,0.1,0.9,1,0.6689359659,5,96
2021-07-27 22:15:00+00:00,2.1226049805,2.0310180712,4.1536230517,0.7040045329,15,4,6,0.25,0.1,0.9,1,0.7040045329,5,96
2021-07-27 22:30:00+00:00,4.3068984375,-0.1532753855,4.153623052,0.7378548341000001,15,4,6,0.25,0.1,0.9,1,0.7378548341000001,5,96
2021-07-27 22:45:00+00:00,4.634871582,-0.48124852900000004,4.1536230530000005,0.7353002443000001,15,4,6,0.25,0.1,0.9,1,0.7353002443000001,5,96
2021-07-27 23:00:00+00:00,4.3170693359,-0.1634462838,4.1536230521,0.7272794355000001,15,4,6,0.25,0.1,0.9,1,0.7272794355000001,5,96
2021-07-27 23:15:00+00:00,3.240109375,0.9135136771000001,4.1536230521,0.7245553308,15,4,6,0.25,0.1,0.9,1,0.7245553308,5,96
2021-07-27 23:30:00+00:00,3.1203212891,1.0333017641,4.1536230532,0.7397805587,15,4,6,0.25,0.1,0.9,1,0.7397805587,5,96
2021-07-27 23:45:00+00:00,2.8701826172000002,1.283440436,4.1536230532,0.7570022548,15,4,6,0.25,0.1,0.9,1,0.7570022548,5,96
2021-07-28 00:00:00+00:00,2.8519804687,1.3016425846,4.1536230533,0.7783929287,15,4,6,0.25,0.1,0.9,1,0.7783929287,5,96
2021-07-28 00:15:00+00:00,2.8692441406,1.2843789117,4.1536230523,0.8000869718,15,4,6,0.25,0.1,0.9,1,0.8000869718,5,96
2021-07-28 00:30:00+00:00,4.3099350586,-0.156312005,4.1536230536,0.821493287,15,4,6,0.25,0.1,0.9,1,0.821493287,5,96
2021-07-28 00:45:00+00:00,4.4412451172,-0.2876220644,4.1536230528,0.8188880869,15,4,6,0.25,0.1,0.9,1,0.8188880869,5,96
2021-07-28 01:00:00+00:00,4.3658564453,-0.21223339130000002,4.153623054,0.8140943859,15,4,6,0.25,0.1,0.9,1,0.8140943859,5,96
2021-07-28 01:15:00+00:00,3.2648452148000002,0.8887778381,4.1536230529000004,0.8105571627,15,4,6,0.25,0.1,0.9,1,0.8105571627,5,96
2021-07-28 01:30:00+00:00,3.1036254883,1.0499975648,4.1536230531000005,0.8253701266,15,4,6,0.25,0.1,0.9,1,0.8253701266,5,96
2021-07-28 01:45:00+00:00,3.0492106934,1.3616556325,4.4108663259,0.8253701266,15,4,6,0.25,0.1,0.9,1,0.8253701266,5,96
2021-07-28 02:00:00+00:00,2.9107646484,1.5001016791000001,4.4108663275,0.8480643872,15,4,6,0.25,0.1,0.9,1,0.8480643872,5,96
2021-07-28 02:15:00+00:00,3.0730983887,1.3377679389,4.4108663276,0.8730660818,15,4,6,0.25,0.1,0.9,1,0.8730660818,5,96
2021-07-28 02:30:00+00:00,4.4806083984,-0.0697420659,4.4108663325,0.8953622142000001,15,4,6,0.25,0.1,0.9,1,0.8953622142000001,5,96
2021-07-28 02:45:00+00:00,4.7201806641,-0.3101159613,4.4100647028,0.8953622142000001,15,4,6,0.25,0.1,0.9,1,0.8953622142000001,5,96
2021-07-28 03:00:00+00:00,4.9555009766,-0.5454362717,4.4100647049,0.8901936148,15,4,6,0.25,0.1,0.9,1,0.8901936148,5,96
2021-07-28 03:15:00+00:00,4.8631918945,-0.45954408900000004,4.4036478055,0.8901936148,15,4,6,0.25,0.1,0.9,1,0.8901936148,5,96
2021-07-28 03:30:00+00:00,5.0251972656,-0.6215494579,4.4036478077,0.8825345466000001,15,4,6,0.25,0.1,0.9,1,0.8825345466000001,5,96
2021-07-28 03:45:00+00:00,5.0244609375,-0.6283016768,4.3961592607,0.8825345466000001,15,4,6,0.25,0.1,0.9,1,0.8825345466000001,5,96
2021-07-28 04:00:00+00:00,5.1585693359,-0.7624100745,4.3961592614,0.872062852,15,4,6,0.25,0.1,0.9,1,0.872062852,5,96
2021-07-28 04:15:00+00:00,5.4642773438,-1.0681180793,4.3961592645,0.8593560175,15,4,6,0.25,0.1,0.9,1,0.8593560175,5,96
2021-07-28 04:30:00+00:00,5.349402832,-0.9532435698,4.3961592622,0.8415540495,15,4,6,0.25,0.1,0.9,1,0.8415540495,5,96
2021-07-28 04:45:00+00:00,5.5859331055,-1.189773843,4.3961592625,0.8256666566,15,4,6,0.25,0.1,0.9,1,0.8256666566,5,96
2021-07-28 05:00:00+00:00,5.6900444336,-1.2938851708999999,4.3961592627,0.8058370926,15,4,6,0.25,0.1,0.9,1,0.8058370926,5,96
2021-07-28 05:15:00+00:00,5.4685273437,-1.0723680809,4.3961592628,0.7842723397,15,4,6,0.25,0.1,0.9,1,0.7842723397,5,96
2021-07-28 05:30:00+00:00,5.2650947266,-0.8689354637000001,4.3961592629,0.7663995384000001,15,4,6,0.25,0.1,0.9,1,0.7663995384000001,5,96
2021-07-28 05:45:00+00:00,5.4794770508,-1.0833177877,4.3961592631,0.7519172807000001,15,4,6,0.25,0.1,0.9,1,0.7519172807000001,5,96
2021-07-28 06:00:00+00:00,5.4710932617,-1.0749339985,4.3961592632,0.7338619842,15,4,6,0.25,0.1,0.9,1,0.7338619842,5,96
2021-07-28 06:15:00+00:00,5.4356459961,-1.0394867328,4.3961592633,0.7159464176,15,4,6,0.25,0.1,0.9,1,0.7159464176,5,96
2021-07-28 06:30:00+00:00,5.3737241211,-0.9926968013,4.3810273198,0.7159464176,15,4,6,0.25,0.1,0.9,1,0.7159464176,5,96
2021-07-28 06:45:00+00:00,5.5462910156,-1.1652636958,4.3810273198,0.6994014709,15,4,6,0.25,0.1,0.9,1,0.6994014709,5,96
2021-07-28 07:00:00+00:00,5.5280952148,-1.1655641438,4.362531071,0.6994014709,15,4,6,0.25,0.1,0.9,1,0.6994014709,5,96
2021-07-28 07:15:00+00:00,5.3335756836,-0.9710446126000001,4.362531071,0.6799754018,15,4,6,0.25,0.1,0.9,1,0.6799754018,5,96
2021-07-28 07:30:00+00:00,5.2686958008,-0.9220834937,4.3466123071,0.6799754018,15,4,6,0.25,0.1,0.9,1,0.6799754018,5,96
2021-07-28 07:45:00+00:00,5.2327734375,-0.8861611303,4.3466123072,0.6646073436000001,15,4,6,0.25,0.1,0.9,1,0.6646073436000001,5,96
2021-07-28 08:00:00+00:00,5.2086791992,-0.8620668920000001,4.3466123072,0.6498379914,15,4,6,0.25,0.1,0.9,1,0.6498379914,5,96
2021-07-28 08:15:00+00:00,5.0128574219,-0.6811083370000001,4.3317490849,0.6498379914,15,4,6,0.25,0.1,0.9,1,0.6498379914,5,96
2021-07-28 08:30:00+00:00,5.2474555664,-0.9157064814,4.331749085,0.6384861858,15,4,6,0.25,0.1,0.9,1,0.6384861858,5,96
2021-07-28 08:45:00+00:00,5.3771416016,-1.061744418,4.3153971836,0.6384861858,15,4,6,0.25,0.1,0.9,1,0.6384861858,5,96
2021-07-28 09:00:00+00:00,5.5937070313,-1.2783098476,4.3153971837,0.6207904455000001,15,4,6,0.25,0.1,0.9,1,0.6207904455000001,5,96
2021-07-28 09:15:00+00:00,5.0941000977,-0.7787029141,4.3153971836,0.5994852814,15,4,6,0.25,0.1,0.9,1,0.5994852814,5,96
2021-07-28 09:30:00+00:00,5.0104545898,-0.6950574062,4.3153971836,0.5865068995,15,4,6,0.25,0.1,0.9,1,0.5865068995,5,96
2021-07-28 09:45:00+00:00,4.9931108398,-0.6777136561,4.3153971837,0.5749226094000001,15,4,6,0.25,0.1,0.9,1,0.5749226094000001,5,96
2021-07-28 10:00:00+00:00,4.6827407227,-0.3673435391,4.3153971836,0.5636273818,15,4,6,0.25,0.1,0.9,1,0.5636273818,5,96
2021-07-28 10:15:00+00:00,4.8737133789,-0.5583161952,4.3153971837,0.5575049894,15,4,6,0.25,0.1,0.9,1,0.5575049894,5,96
2021-07-28 10:30:00+00:00,5.2575805664,-0.9421833827,4.3153971837,0.5481997195,15,4,6,0.25,0.1,0.9,1,0.5481997195,5,96
2021-07-28 10:45:00+00:00,4.9436303711,-0.6478620079,4.2957683632,0.5481997195,15,4,6,0.25,0.1,0.9,1,0.5481997195,5,96
2021-07-28 11:00:00+00:00,4.9247602539,-0.6289918907000001,4.2957683632,0.5374020194,15,4,6,0.25,0.1,0.9,1,0.5374020194,5,96
2021-07-28 11:15:00+00:00,5.0805151367,-0.7847467735,4.2957683632,0.5269188212,15,4,6,0.25,0.1,0.9,1,0.5269188212,5,96
2021-07-28 11:30:00+00:00,4.9420449219,-0.6462765587,4.2957683632,0.5138397083,15,4,6,0.25,0.1,0.9,1,0.5138397083,5,96
2021-07-28 11:45:00+00:00,5.1377924805,-0.8567122209,4.2810802596,0.5138397083,15,4,6,0.25,0.1,0.9,1,0.5138397083,5,96
